index,x[mm],y[mm],z[mm],Ux[mm],Uy[mm],Uz[mm],Fx[N],Fy[N],Fz[N]
0,9.301970,5.691210,6.092150,-15.421572,-19.049558,-20.365876,0.000000,-0.000000,-0.000000
1,9.482600,6.527460,8.551860,-22.969023,-26.204914,-17.963605,0.000000,0.000000,-0.000000
2,0.029731,-4.878050,-9.331810,-16.236754,-6.179886,-16.464428,0.000000,0.000000,0.000000
3,9.293540,7.621430,9.357140,-26.758887,-28.289341,-16.150530,-0.000000,-0.000000,-0.000000
4,10.267600,6.603860,8.194710,-21.561806,-24.682719,-15.573936,-0.000000,0.000000,-0.000000
5,-1.227840,5.518300,7.081410,-7.915630,2.392803,-21.790226,-0.000000,0.000000,0.000000
6,9.269960,7.966620,8.350960,-23.554691,-25.727032,-15.007340,0.000000,-0.000000,-0.000000
7,10.032600,8.241680,7.945140,-21.962229,-24.262119,-12.328795,0.000000,-0.000000,0.000000
8,8.855680,8.891690,9.024430,-27.302870,-27.873239,-14.521746,0.000000,-0.000000,0.000000
9,5.537500,-7.978900,-4.041590,-16.566806,-6.232111,-16.273178,0.000000,0.000000,0.000000
10,4.517950,-6.785130,-3.033230,-15.589667,-5.083801,-16.643026,-0.000000,0.000000,0.000000
11,9.260650,9.122920,7.826780,-23.405455,-25.140062,-12.529340,-0.000000,0.000000,0.000000
12,0.909817,6.392030,6.887390,-7.315129,0.780168,-22.403166,-0.000000,-0.000000,-0.000000
13,-6.978580,6.104410,2.320490,-7.972170,4.216839,-21.316832,0.000000,0.000000,-0.000000
14,-0.840462,-3.520440,-4.550040,-14.206116,-2.929314,-16.998799,-0.000000,-0.000000,0.000000
15,-0.145106,-4.731170,-6.005540,-15.212121,-4.172122,-16.489381,0.000000,-0.000000,-0.000000
16,-10.823800,8.067620,2.921890,-6.663730,6.908704,-21.742834,-0.000000,-0.000000,-0.000000
17,-0.494370,7.191060,6.778080,-6.757241,1.740427,-22.572061,-0.000000,0.000000,0.000000
18,-1.702910,6.701830,5.961420,-7.201332,2.267125,-22.227322,0.000000,-0.000000,-0.000000
19,-0.324888,6.372980,8.453430,-7.146578,2.315946,-22.251494,0.000000,-0.000000,0.000000
20,0.189898,5.627360,7.240150,-7.819826,1.442683,-22.002184,0.000000,0.000000,-0.000000
21,9.250610,9.977550,7.143500,-23.081650,-23.952913,-10.091122,-0.000000,0.000000,-0.000000
22,8.601950,7.902190,6.677640,-17.722991,-21.455217,-16.888685,-0.000000,-0.000000,-0.000000
23,8.754710,6.281640,6.130450,-15.834341,-19.390608,-19.802349,0.000000,-0.000000,-0.000000
24,10.609400,6.359040,7.059640,-18.101764,-21.703609,-15.753763,-0.000000,-0.000000,-0.000000
25,10.191100,8.805760,6.623680,-18.250440,-20.670836,-11.066252,0.000000,-0.000000,0.000000
26,-1.684780,10.745700,-3.848000,-5.647113,-1.906921,-23.908644,-0.000000,0.000000,0.000000
27,-2.891070,10.039500,-3.851160,-6.132973,-1.113569,-23.474687,-0.000000,-0.000000,-0.000000
28,-3.056010,10.051100,-1.758460,-5.828819,-0.117378,-23.477707,0.000000,0.000000,0.000000
29,3.554590,-5.747330,-2.860490,-14.962690,-4.450632,-16.939727,0.000000,0.000000,-0.000000
30,-5.355040,6.686360,-2.708790,-8.199247,0.892893,-21.749862,-0.000000,-0.000000,-0.000000
31,-6.134030,5.026350,-2.434880,-9.217113,1.479124,-20.922681,0.000000,0.000000,0.000000
32,4.767520,3.666730,0.433068,-10.030893,-4.823439,-22.392318,0.000000,-0.000000,-0.000000
33,-9.930920,10.074100,7.334620,-4.872002,8.330207,-22.750659,0.000000,-0.000000,-0.000000
34,-9.782740,9.747920,6.301540,-5.200965,7.772279,-22.621740,-0.000000,0.000000,-0.000000
35,0.841820,8.466520,5.444060,-5.999486,0.217502,-23.266707,0.000000,0.000000,0.000000
36,0.236022,7.053110,6.235590,-6.918433,0.993722,-22.599868,0.000000,-0.000000,-0.000000
37,-10.383900,8.178170,6.363320,-6.183672,8.179437,-21.844324,-0.000000,0.000000,-0.000000
38,-10.764600,8.711670,6.931610,-5.779457,8.675073,-22.038797,0.000000,0.000000,-0.000000
39,10.101000,6.553020,5.535080,-14.395744,-17.486950,-16.802502,-0.000000,0.000000,0.000000
40,-5.564100,-13.279100,-3.536420,0.000000,0.000000,0.000000,15.476247,28.783051,2.295857
41,-6.720370,-12.477800,-2.164750,-1.440739,-0.718429,-0.762620,0.000000,-0.000000,0.000000
42,-5.305730,-11.915800,-3.712670,-1.741287,-1.719873,-1.756729,0.000000,-0.000000,0.000000
43,1.435870,-4.123010,-2.350320,-13.877781,-2.963084,-17.204189,-0.000000,0.000000,-0.000000
44,2.115690,-4.450970,-3.345630,-14.393571,-3.921876,-17.249087,0.000000,0.000000,0.000000
45,6.541140,-13.350400,-3.028270,-19.119208,-6.170093,-13.412747,0.000000,0.000000,0.000000
46,4.690570,-13.376400,-2.512550,-18.961767,-4.867635,-12.782037,0.000000,-0.000000,0.000000
47,5.198550,-13.130900,-4.190310,-19.387549,-6.138751,-13.096921,-0.000000,0.000000,0.000000
48,-6.006290,-9.180920,-3.517270,-7.450302,-3.719349,-6.702973,0.000000,0.000000,0.000000
49,-5.113230,-7.603340,-4.418090,-10.103037,-3.902668,-9.104242,-0.000000,0.000000,0.000000
50,7.951470,8.182930,5.419660,-14.616599,-16.541566,-17.132507,-0.000000,-0.000000,-0.000000
51,-10.707600,9.109310,6.112340,-5.626354,8.270688,-22.224330,0.000000,0.000000,-0.000000
52,-10.668900,10.004300,5.573590,-5.126052,8.004044,-22.631280,0.000000,-0.000000,0.000000
53,-11.371200,8.035530,5.647420,-6.358911,8.480134,-21.662232,-0.000000,-0.000000,0.000000
54,6.195390,5.359220,-1.562280,-8.655403,-5.957732,-22.600098,0.000000,0.000000,-0.000000
55,5.784980,6.780650,-1.377790,-7.730227,-5.680020,-22.536449,-0.000000,-0.000000,0.000000
56,10.639900,6.527640,4.223520,-12.031904,-14.670975,-16.212666,-0.000000,-0.000000,0.000000
57,3.317050,11.960200,4.534260,-3.603414,-1.965721,-25.036958,0.000000,-0.000000,-0.000000
58,1.662570,11.699700,4.966580,-3.743423,-0.584546,-24.740163,0.000000,-0.000000,0.000000
59,2.416500,11.696700,5.336390,-3.704041,-0.971234,-24.823702,-0.000000,0.000000,-0.000000
60,-0.818237,-4.135780,-6.126400,-14.964551,-3.920596,-16.644071,0.000000,0.000000,0.000000
61,-0.606893,-3.338470,-6.302740,-14.643440,-4.124607,-17.171585,0.000000,0.000000,-0.000000
62,-0.890798,5.096430,5.529110,-8.395867,1.509278,-21.656547,0.000000,-0.000000,0.000000
63,-1.872120,6.512610,4.907950,-7.456714,1.948572,-22.128675,-0.000000,-0.000000,-0.000000
64,-8.975310,10.805900,5.006830,-4.687981,6.680716,-23.193389,0.000000,-0.000000,0.000000
65,0.187973,4.784510,5.532030,-8.617647,0.737194,-21.648332,-0.000000,0.000000,-0.000000
66,-0.537877,5.183650,4.044210,-8.490537,0.642906,-21.732431,0.000000,-0.000000,-0.000000
67,0.683683,5.922650,3.380740,-8.042817,-0.491384,-22.181773,0.000000,0.000000,0.000000
68,1.412350,-2.887820,-4.335470,-13.894804,-4.115396,-18.021798,-0.000000,0.000000,0.000000
69,-1.874980,8.755070,4.592910,-5.899325,1.817541,-23.071553,-0.000000,0.000000,0.000000
70,-4.244940,2.958320,-3.271340,-10.605995,-0.229477,-20.195737,0.000000,0.000000,0.000000
71,-3.540550,2.563340,-3.744080,-10.968858,-0.942283,-20.071792,0.000000,-0.000000,0.000000
72,8.977610,8.926770,5.351310,-14.746229,-17.094898,-14.027995,0.000000,-0.000000,-0.000000
73,1.053020,6.909830,5.437730,-7.113268,0.074164,-22.636206,-0.000000,-0.000000,-0.000000
74,-2.167910,0.560309,-5.298010,-12.486747,-2.657993,-19.031838,-0.000000,0.000000,-0.000000
75,-0.810262,1.059260,-5.619220,-12.290784,-3.475513,-19.660134,-0.000000,0.000000,-0.000000
76,-10.941900,7.606710,4.145460,-6.808922,7.534292,-21.520672,0.000000,-0.000000,0.000000
77,-10.994800,8.687980,4.318600,-6.106337,7.645569,-22.000526,0.000000,-0.000000,-0.000000
78,-3.034280,0.533336,-1.179610,-11.739991,0.051238,-19.043559,-0.000000,0.000000,-0.000000
79,-3.384560,1.697740,-1.216070,-11.041249,0.268623,-19.694549,-0.000000,-0.000000,-0.000000
80,-3.242840,11.899800,4.995300,-3.636484,2.942885,-24.247829,0.000000,0.000000,0.000000
81,10.007400,8.322960,5.416970,-14.902828,-17.420104,-12.829589,-0.000000,0.000000,0.000000
82,4.719440,6.348050,-3.898990,-8.399385,-5.911732,-22.813459,0.000000,0.000000,0.000000
83,6.840240,-5.934780,0.511739,-13.958805,-4.221410,-17.921354,0.000000,0.000000,-0.000000
84,1.722350,9.361200,3.958730,-5.539442,-1.056464,-23.746892,-0.000000,0.000000,0.000000
85,2.062520,7.460800,3.917050,-6.882030,-1.311234,-22.987924,0.000000,0.000000,0.000000
86,-10.320900,9.972820,3.961480,-5.338391,7.059761,-22.658587,-0.000000,0.000000,0.000000
87,-1.320420,9.540020,4.468300,-5.360892,1.372086,-23.473295,0.000000,0.000000,-0.000000
88,-9.535330,8.337430,4.954790,-6.251385,7.010721,-22.017259,-0.000000,-0.000000,0.000000
89,-8.556880,8.443000,3.572200,-6.349310,5.771821,-22.180830,0.000000,0.000000,0.000000
90,-2.224560,10.502400,4.639580,-4.664845,2.074249,-23.778910,-0.000000,-0.000000,0.000000
91,6.508050,5.761180,3.668510,-11.775673,-11.099321,-23.251868,-0.000000,0.000000,-0.000000
92,6.969310,-6.804170,-1.518220,-15.097054,-5.503257,-17.447848,0.000000,-0.000000,0.000000
93,-3.007990,-11.213400,-4.657580,-3.008704,-0.284394,-3.152581,0.000000,0.000000,-0.000000
94,-9.135270,6.574380,4.553070,-7.410187,6.578269,-21.271581,0.000000,-0.000000,0.000000
95,8.134410,4.570470,3.837920,-11.810119,-13.082935,-23.426276,-0.000000,-0.000000,-0.000000
96,7.419200,5.492950,4.369300,-12.683552,-13.590640,-23.037516,0.000000,-0.000000,0.000000
97,6.818830,4.746530,2.749810,-11.001632,-9.342128,-23.169312,-0.000000,-0.000000,-0.000000
98,-10.157300,6.568980,4.597780,-7.408820,7.242812,-21.147361,0.000000,0.000000,-0.000000
99,-9.243100,4.663540,2.825660,-8.819874,5.869375,-20.397795,0.000000,0.000000,-0.000000
100,-8.275430,5.274130,3.672170,-8.333515,5.635106,-20.792032,-0.000000,0.000000,-0.000000
101,0.060766,-2.812450,-2.866560,-13.323003,-2.464555,-17.631219,-0.000000,0.000000,0.000000
102,-4.640000,3.448510,-0.440269,-9.948068,1.451579,-20.433559,-0.000000,0.000000,0.000000
103,4.084650,3.488690,-3.435620,-10.253927,-5.308973,-22.237586,0.000000,-0.000000,0.000000
104,0.981147,9.867090,4.691970,-5.095375,-0.204551,-23.871033,0.000000,0.000000,-0.000000
105,0.015912,8.447020,5.431870,-6.018355,0.813518,-23.164118,0.000000,-0.000000,0.000000
106,-3.317220,-6.617230,-2.743370,-11.369967,-0.031403,-11.050157,0.000000,-0.000000,-0.000000
107,-3.831240,12.084200,4.319180,-3.591530,3.068835,-24.252465,0.000000,-0.000000,-0.000000
108,-3.351150,10.261300,3.436980,-4.983265,2.354672,-23.535541,-0.000000,0.000000,0.000000
109,-9.329850,10.720600,4.024990,-4.858869,6.462878,-23.112918,0.000000,0.000000,-0.000000
110,-4.432510,-11.666900,-4.812610,-2.131311,-2.550913,-2.788659,-0.000000,-0.000000,0.000000
111,2.192410,12.360600,4.213390,-3.349590,-1.290076,-25.082028,-0.000000,0.000000,-0.000000
112,-2.628210,-13.084400,-4.808840,-0.065590,0.246946,-0.655731,0.000000,-0.000000,0.000000
113,-3.244700,-13.152100,-5.660800,0.202689,-1.779645,-0.808612,-0.000000,-0.000000,-0.000000
114,5.542520,-5.700550,-2.897770,-14.958792,-5.556677,-17.631544,-0.000000,-0.000000,-0.000000
115,-2.154920,11.569100,4.188760,-3.970139,1.833167,-24.242751,0.000000,0.000000,0.000000
116,-1.447700,10.388400,3.349440,-4.905076,0.979646,-23.824960,-0.000000,0.000000,-0.000000
117,-7.157410,6.617450,0.891222,-7.819182,3.686572,-21.526043,-0.000000,0.000000,0.000000
118,-5.549470,6.222640,1.020830,-8.056748,2.732813,-21.539078,-0.000000,-0.000000,0.000000
119,10.246200,7.873800,3.248260,-10.013270,-12.363890,-14.042547,0.000000,0.000000,-0.000000
120,-9.914770,9.026910,2.795530,-6.074418,6.278885,-22.281728,-0.000000,0.000000,-0.000000
121,-1.868300,10.140600,2.379460,-5.203096,0.863390,-23.671463,0.000000,-0.000000,0.000000
122,1.593460,7.162380,3.328660,-7.162118,-1.198169,-22.824708,-0.000000,-0.000000,-0.000000
123,-1.811310,6.744670,3.244410,-7.481927,1.219289,-22.232438,-0.000000,0.000000,-0.000000
124,-8.998410,9.125360,3.139620,-5.970659,5.855962,-22.434896,0.000000,0.000000,0.000000
125,1.710510,9.615170,2.368990,-5.530348,-1.732839,-23.847266,0.000000,0.000000,-0.000000
126,2.287710,10.577400,3.798530,-4.685617,-1.537543,-24.329502,-0.000000,-0.000000,0.000000
127,6.208990,-3.906540,-2.996320,-14.036498,-5.973181,-18.925992,0.000000,0.000000,-0.000000
128,6.486470,7.377520,2.245580,-8.246496,-7.819802,-21.495437,0.000000,0.000000,0.000000
129,5.978570,6.362090,2.642070,-9.409444,-7.584152,-22.844834,0.000000,-0.000000,0.000000
130,7.105410,7.985290,4.459050,-12.241526,-13.896945,-18.636171,-0.000000,-0.000000,-0.000000
131,-0.725708,5.360680,2.616520,-8.506913,0.239648,-21.788819,0.000000,0.000000,0.000000
132,-8.095970,5.829820,3.194200,-8.040994,5.309019,-21.060176,0.000000,-0.000000,0.000000
133,9.731800,5.301560,4.838030,-13.211988,-15.609376,-20.061300,0.000000,0.000000,0.000000
134,8.547460,9.625190,7.254430,-23.273832,-25.164072,-14.184056,-13.178922,-20.184704,-10.833200
135,-1.083620,9.319890,-5.844440,-6.852585,-3.120008,-23.383095,0.000000,-0.000000,-0.000000
136,-2.429950,9.539860,-5.164000,-6.636530,-1.973672,-23.319005,-0.000000,0.000000,0.000000
137,-3.648480,-10.072800,-5.047120,-5.158526,-2.063534,-5.199378,-0.000000,-0.000000,0.000000
138,-3.868690,8.729400,-4.268800,-7.053692,-0.683493,-22.803803,-0.000000,0.000000,-0.000000
139,-3.493400,7.762370,-5.247750,-7.814582,-1.373153,-22.425585,0.000000,-0.000000,-0.000000
140,-4.641110,6.238100,-4.167740,-8.677221,-0.217656,-21.623103,-0.000000,-0.000000,-0.000000
141,-3.117650,12.077400,3.841830,-3.656021,2.363002,-24.339045,-0.000000,0.000000,0.000000
142,-4.900630,-9.585360,-4.866130,-6.334246,-3.802214,-6.205773,0.000000,-0.000000,0.000000
143,-2.662820,5.958500,-6.332690,-9.169704,-2.415685,-21.753559,-0.000000,0.000000,0.000000
144,1.999270,-2.110830,-4.592240,-13.611919,-4.581345,-18.629631,-0.000000,0.000000,-0.000000
145,3.834640,-4.215850,-4.246070,-14.584521,-5.416249,-17.979063,-0.000000,0.000000,0.000000
146,4.434650,-0.955111,-2.163890,-12.249050,-4.556709,-20.131241,0.000000,-0.000000,0.000000
147,4.728360,-1.748870,-3.799800,-13.152692,-5.635189,-19.764662,0.000000,0.000000,-0.000000
148,-2.567810,8.014400,3.336180,-6.578552,1.771382,-22.679269,-0.000000,-0.000000,-0.000000
149,-2.125270,6.427270,2.152500,-7.818353,0.997420,-22.062963,-0.000000,0.000000,-0.000000
150,-2.341080,9.522620,3.290770,-5.520998,1.583235,-23.348956,-0.000000,0.000000,-0.000000
151,2.318480,4.610820,2.645760,-9.109774,-2.059013,-21.779274,-0.000000,-0.000000,-0.000000
152,9.925200,6.483580,2.187170,-9.878338,-10.361603,-17.690423,0.000000,-0.000000,0.000000
153,9.796730,5.486960,2.822870,-10.351903,-11.625932,-19.745685,0.000000,0.000000,-0.000000
154,3.056310,5.860080,2.141050,-8.440385,-3.062860,-22.479656,0.000000,-0.000000,0.000000
155,1.179480,5.848510,2.491970,-8.195274,-1.219850,-22.224994,-0.000000,0.000000,0.000000
156,-0.190195,4.677940,2.172110,-8.987777,-0.268290,-21.570566,-0.000000,0.000000,-0.000000
157,2.420540,6.833640,2.119570,-7.538258,-2.322844,-22.768006,-0.000000,0.000000,-0.000000
158,3.067650,7.600090,2.201820,-6.948677,-2.826765,-23.152676,0.000000,-0.000000,0.000000
159,6.098890,-6.336080,-2.709010,-15.238208,-5.743614,-17.438232,0.000000,0.000000,-0.000000
160,-1.164020,3.535230,2.459410,-9.616400,0.594236,-20.890992,-0.000000,-0.000000,-0.000000
161,2.546900,7.269930,-5.974160,-8.214602,-5.449017,-22.994386,-0.000000,-0.000000,-0.000000
162,0.128314,7.366960,-6.690980,-8.283117,-4.244271,-22.744530,0.000000,0.000000,0.000000
163,-11.308600,6.916450,1.942800,-7.504505,6.772182,-21.167425,-0.000000,-0.000000,0.000000
164,-10.980100,6.552180,3.571430,-7.541776,7.299882,-21.041570,-0.000000,-0.000000,0.000000
165,-5.053820,-5.954720,-3.240840,-12.496732,-1.935737,-11.887949,-0.000000,-0.000000,0.000000
166,-3.822230,3.280050,-4.655320,-10.636662,-1.124833,-20.364946,0.000000,0.000000,0.000000
167,-4.788580,4.826600,-2.962420,-9.420196,0.378822,-20.992376,-0.000000,-0.000000,0.000000
168,-4.555120,-6.839200,-3.639630,-11.172359,-2.108641,-10.544813,0.000000,-0.000000,-0.000000
169,1.046210,2.673250,2.573520,-10.142251,-0.972247,-20.727037,0.000000,-0.000000,0.000000
170,0.431923,2.273790,1.629250,-10.404506,-0.725110,-20.585501,-0.000000,0.000000,-0.000000
171,-5.632390,-2.047950,-2.803560,-13.021826,-1.016298,-16.445065,-0.000000,-0.000000,-0.000000
172,-5.017700,-2.556070,-3.804880,-13.353452,-1.720035,-16.051700,-0.000000,0.000000,-0.000000
173,1.330360,10.748900,2.807930,-4.673915,-1.265455,-24.290936,-0.000000,0.000000,0.000000
174,-0.734244,2.057050,1.862470,-10.493860,0.175528,-20.182994,0.000000,0.000000,-0.000000
175,-2.631680,2.939080,2.183120,-10.040258,1.423673,-20.376003,0.000000,-0.000000,0.000000
176,-1.658660,3.524320,-6.122040,-10.745741,-3.027949,-20.838672,0.000000,-0.000000,0.000000
177,2.763390,-0.906225,-4.393820,-12.949043,-4.910058,-19.630909,-0.000000,0.000000,-0.000000
178,-10.324000,8.057130,1.047890,-6.891607,5.748063,-21.798441,-0.000000,0.000000,-0.000000
179,9.342590,7.551120,2.037710,-9.233660,-9.991140,-16.342244,0.000000,0.000000,-0.000000
180,8.082750,8.002070,2.301800,-8.977847,-9.875399,-17.953443,0.000000,-0.000000,0.000000
181,-3.216370,4.522660,2.151420,-9.060860,1.747331,-21.050247,-0.000000,-0.000000,0.000000
182,2.612680,10.070700,-3.423410,-5.971999,-4.535882,-24.092292,-0.000000,0.000000,-0.000000
183,1.044230,9.329500,-5.754060,-6.810969,-4.439071,-23.656051,-0.000000,-0.000000,0.000000
184,0.687435,10.577800,-4.707290,-5.837324,-3.790258,-24.113619,-0.000000,-0.000000,0.000000
185,2.388530,10.498700,-2.137910,-5.495299,-3.919158,-24.219060,0.000000,-0.000000,-0.000000
186,-3.264190,5.772040,1.679390,-8.287103,1.547633,-21.647152,0.000000,0.000000,0.000000
187,0.404639,-4.215880,-7.795040,-15.475589,-5.466503,-16.956924,-0.000000,-0.000000,0.000000
188,-1.172750,-2.616510,-4.470900,-13.771480,-2.692467,-17.450549,0.000000,-0.000000,-0.000000
189,-2.424450,-4.384690,-3.494600,-13.672982,-1.511059,-15.171689,0.000000,0.000000,0.000000
190,-3.425950,-9.382030,-1.342920,-7.313989,2.641889,-6.146325,-0.000000,0.000000,-0.000000
191,-3.314720,-7.384600,-1.265350,-10.513281,2.148344,-9.450770,0.000000,-0.000000,-0.000000
192,2.727270,2.775210,1.843590,-10.130631,-2.586590,-21.048606,0.000000,-0.000000,0.000000
193,-2.306220,7.460430,1.947110,-7.114465,1.018355,-22.500974,0.000000,-0.000000,-0.000000
194,-2.922420,8.067870,2.617760,-6.621415,1.703894,-22.675402,-0.000000,0.000000,0.000000
195,3.376220,0.106369,-1.521690,-11.704757,-3.714637,-20.413802,-0.000000,-0.000000,-0.000000
196,2.937000,1.086460,-1.298290,-11.281321,-3.497959,-20.795980,-0.000000,0.000000,-0.000000
197,-3.993730,-13.338500,-4.519250,0.246642,-1.210897,-0.446228,-0.000000,-0.000000,0.000000
198,4.541910,6.523550,1.468450,-8.149170,-4.899464,-22.867953,0.000000,0.000000,-0.000000
199,-1.772670,-4.300730,-2.404390,-13.244209,-0.737934,-15.324780,-0.000000,-0.000000,-0.000000
200,-0.656239,10.650700,1.776900,-4.901618,-0.227918,-24.030508,0.000000,0.000000,-0.000000
201,6.593470,-11.771100,-3.085210,-18.288385,-6.232170,-14.369474,-0.000000,-0.000000,0.000000
202,-2.264170,-4.075080,-0.473019,-12.677352,0.964880,-14.817982,0.000000,-0.000000,0.000000
203,2.095730,10.223200,1.097010,-5.277578,-2.501564,-24.112969,0.000000,0.000000,0.000000
204,-0.179440,11.464900,1.043530,-4.440579,-0.873293,-24.419019,-0.000000,-0.000000,0.000000
205,0.724503,10.603700,1.726020,-4.928212,-1.246485,-24.145105,-0.000000,0.000000,0.000000
206,-7.364850,4.228650,1.733790,-9.217984,4.182548,-20.438276,0.000000,0.000000,0.000000
207,-8.831130,4.681060,1.347300,-8.980078,4.939696,-20.449152,-0.000000,-0.000000,0.000000
208,5.480970,-12.494900,-0.410994,-17.789154,-4.042939,-13.569083,0.000000,0.000000,-0.000000
209,5.177950,-11.580100,-1.256400,-17.577922,-4.382638,-14.012424,0.000000,-0.000000,0.000000
210,4.254540,-11.749800,-2.138250,-17.962410,-4.410762,-13.604636,0.000000,0.000000,-0.000000
211,3.083590,1.939830,-0.309146,-10.809927,-3.349718,-21.217175,0.000000,0.000000,-0.000000
212,-7.017200,4.942310,1.976630,-8.753707,4.086920,-20.795909,-0.000000,-0.000000,-0.000000
213,4.863600,7.799040,-0.126574,-7.025793,-5.082030,-23.113854,-0.000000,-0.000000,0.000000
214,7.228850,4.275100,1.869220,-10.725247,-9.096430,-22.986787,0.000000,0.000000,-0.000000
215,4.528810,4.805850,1.604000,-9.337003,-5.273052,-22.317393,-0.000000,0.000000,-0.000000
216,3.801000,4.913090,1.764490,-9.202619,-3.955225,-22.242978,0.000000,0.000000,-0.000000
217,-8.286220,6.988770,0.349120,-7.647604,4.150253,-21.559591,-0.000000,-0.000000,-0.000000
218,-8.319550,8.661830,2.040460,-6.394330,4.934365,-22.306630,0.000000,0.000000,-0.000000
219,0.392181,0.777759,1.369600,-10.934248,-0.602034,-19.725945,0.000000,-0.000000,0.000000
220,-10.464900,5.607500,1.199960,-8.418088,5.905408,-20.677500,0.000000,0.000000,0.000000
221,8.456370,4.690130,2.284440,-10.396744,-10.199573,-22.063926,0.000000,-0.000000,0.000000
222,7.847490,4.571500,1.113340,-9.702312,-8.746392,-22.685786,-0.000000,0.000000,-0.000000
223,8.021500,5.261230,0.557612,-8.883824,-8.430278,-21.782421,0.000000,0.000000,0.000000
224,-4.232750,-1.203760,-2.786040,-12.860768,-0.514192,-17.460196,0.000000,0.000000,-0.000000
225,0.848728,-0.860245,0.599460,-11.709017,-1.130619,-19.038772,0.000000,-0.000000,0.000000
226,1.637480,1.120920,0.548303,-11.003011,-1.877626,-20.304043,-0.000000,-0.000000,-0.000000
227,-7.616850,7.915110,2.632630,-6.794666,4.756771,-22.054473,0.000000,-0.000000,-0.000000
228,-9.871150,6.705700,0.244108,-7.837549,5.100286,-21.243040,0.000000,-0.000000,0.000000
229,-0.806982,-1.620340,-5.060560,-13.478340,-3.226163,-18.159469,-0.000000,-0.000000,0.000000
230,7.818130,6.474510,0.336757,-7.694785,-8.123725,-21.215849,-0.000000,0.000000,0.000000
231,7.650250,7.207800,1.244870,-7.887529,-8.455561,-20.581340,-0.000000,-0.000000,-0.000000
232,8.687560,6.233310,1.538620,-9.087166,-9.338936,-20.170401,-0.000000,-0.000000,-0.000000
233,4.948520,6.437360,-2.627720,-8.079201,-5.510401,-22.832154,-0.000000,-0.000000,0.000000
234,-7.615680,4.059830,-0.488697,-9.582977,3.336841,-20.312752,-0.000000,-0.000000,-0.000000
235,5.912230,-7.171350,0.075111,-14.766854,-3.985290,-16.875283,0.000000,-0.000000,-0.000000
236,-5.183880,-9.598770,-1.419670,-7.308556,0.474960,-6.110229,-0.000000,-0.000000,-0.000000
237,-5.778870,-9.402550,-2.211050,-7.432846,-1.353318,-6.502938,0.000000,0.000000,0.000000
238,-6.220170,-8.478820,-1.591630,-9.050599,-0.942040,-8.059456,-0.000000,-0.000000,-0.000000
239,0.076826,-2.794940,0.123994,-12.514317,-0.435771,-17.285826,0.000000,0.000000,-0.000000
240,-4.108840,3.550370,0.950914,-9.811560,1.817820,-20.501203,-0.000000,-0.000000,-0.000000
241,-4.108680,5.590300,1.427210,-8.425605,1.975859,-21.445316,0.000000,0.000000,-0.000000
242,-5.284370,4.696480,1.000390,-9.045094,2.550663,-20.898275,-0.000000,-0.000000,-0.000000
243,-8.059860,5.570080,-0.830039,-8.688268,3.471339,-20.943973,-0.000000,-0.000000,-0.000000
244,-7.082320,6.642900,-0.794624,-7.981706,2.866191,-21.540474,-0.000000,-0.000000,0.000000
245,-1.129840,2.740690,-5.675890,-11.204002,-3.177573,-20.550179,-0.000000,0.000000,-0.000000
246,-0.387304,4.298480,-6.139380,-10.281979,-3.767941,-21.399118,-0.000000,0.000000,-0.000000
247,0.793176,2.687280,-5.865550,-11.339433,-4.377559,-20.920003,0.000000,-0.000000,-0.000000
248,3.110740,5.353990,-5.804130,-9.463478,-5.647256,-22.378565,-0.000000,-0.000000,-0.000000
249,1.954890,5.677040,-6.464250,-9.395409,-5.266427,-22.316420,0.000000,0.000000,0.000000
250,3.055740,8.709010,0.853305,-6.349836,-3.285931,-23.574672,-0.000000,-0.000000,-0.000000
251,-6.312070,-4.043070,-1.020460,-12.771093,0.584142,-14.186168,0.000000,0.000000,0.000000
252,3.858820,-5.704680,-0.362357,-14.123363,-3.140089,-17.062471,-0.000000,0.000000,-0.000000
253,-6.006670,-13.383700,-2.051130,0.000000,0.000000,0.000000,-2.789274,-0.224117,-6.534600
254,5.470650,-3.624020,0.384222,-12.759419,-3.570926,-18.843398,-0.000000,0.000000,-0.000000
255,-0.823215,-0.616820,0.839696,-11.623399,0.265818,-18.626731,-0.000000,-0.000000,-0.000000
256,-1.670460,0.965236,0.789541,-11.167176,0.413271,-19.479055,-0.000000,-0.000000,0.000000
257,1.743490,-3.069020,-0.461466,-12.776187,-2.012147,-17.901763,-0.000000,0.000000,-0.000000
258,4.216610,8.534910,-2.608360,-6.867352,-5.241924,-23.559664,-0.000000,-0.000000,0.000000
259,-5.230020,7.377020,-1.145960,-7.545671,1.535102,-22.087707,0.000000,0.000000,0.000000
260,-4.335550,7.122560,1.148060,-7.448370,2.003500,-22.099932,-0.000000,-0.000000,-0.000000
261,5.504440,-5.162100,0.399911,-13.580226,-3.573410,-17.936911,-0.000000,0.000000,-0.000000
262,-6.450250,-5.122040,-1.892410,-12.353374,-0.750490,-12.779367,-0.000000,-0.000000,-0.000000
263,4.034950,8.477880,-1.242940,-6.697462,-4.661010,-23.489266,-0.000000,0.000000,-0.000000
264,-5.928430,-7.109910,-2.460800,-10.776111,-1.717054,-10.101135,-0.000000,0.000000,-0.000000
265,-6.118280,-6.024750,-0.938078,-12.067090,0.451710,-11.694456,-0.000000,-0.000000,0.000000
266,0.908855,-2.384320,-0.187574,-12.442178,-1.444307,-18.062501,-0.000000,0.000000,-0.000000
267,0.382773,-5.493350,-8.937240,-16.418621,-6.119900,-16.209333,-0.000000,0.000000,0.000000
268,6.980210,-13.107800,1.385150,-17.521988,-3.781649,-13.702913,-0.000000,-0.000000,0.000000
269,5.724930,-13.243000,-0.352952,-18.172387,-4.139713,-13.205278,-0.000000,0.000000,-0.000000
270,6.883620,-13.313400,-0.361057,-18.212923,-4.768094,-13.548509,0.000000,0.000000,-0.000000
271,6.679290,-12.605200,0.051570,-17.694757,-4.412760,-13.901771,-0.000000,0.000000,-0.000000
272,8.540110,-13.164200,0.818150,-17.740717,-4.958059,-14.187764,-0.000000,-0.000000,-0.000000
273,-6.116560,-6.911830,-0.243493,-11.081428,1.355651,-10.218522,0.000000,0.000000,-0.000000
274,-5.444790,-6.824200,0.188293,-11.138267,2.379697,-10.346459,-0.000000,0.000000,0.000000
275,3.705370,-4.242190,0.308670,-13.121034,-2.661104,-17.877022,0.000000,0.000000,-0.000000
276,0.257489,10.701100,3.635140,-4.619730,-0.125122,-24.141112,0.000000,-0.000000,0.000000
277,-5.668950,-5.357710,0.260414,-12.500659,2.245420,-12.594224,-0.000000,-0.000000,0.000000
278,-4.224720,-4.782910,0.513038,-12.647043,2.809235,-13.239324,-0.000000,0.000000,-0.000000
279,-3.935470,-5.865470,0.012473,-11.993385,2.676244,-11.648576,0.000000,-0.000000,0.000000
280,2.441230,-0.797288,-0.283538,-11.794464,-2.548336,-19.526588,0.000000,-0.000000,-0.000000
281,-3.042760,-7.966560,-4.011610,-9.134897,-0.549665,-8.951155,0.000000,0.000000,0.000000
282,-2.950250,-12.951000,-3.148290,-0.605723,2.011325,-0.521358,0.000000,-0.000000,0.000000
283,1.859880,1.872580,-5.277530,-11.791533,-4.793580,-20.944234,0.000000,0.000000,-0.000000
284,3.431770,-0.179068,-3.395740,-12.291847,-4.719521,-20.289408,0.000000,0.000000,0.000000
285,-2.802670,-3.050190,-4.373990,-13.758269,-2.159046,-16.412271,-0.000000,0.000000,-0.000000
286,-1.828100,-0.158454,0.154250,-11.702823,0.358491,-18.768293,0.000000,0.000000,0.000000
287,-9.077630,5.522200,0.570536,-8.546789,4.744764,-20.800420,-0.000000,0.000000,0.000000
288,-3.790290,-2.015690,-3.933200,-13.401415,-1.475930,-16.950793,-0.000000,-0.000000,-0.000000
289,-3.763190,-6.030030,-3.371800,-12.692161,-1.434941,-12.301723,0.000000,-0.000000,-0.000000
290,-3.124110,-5.960060,-1.063560,-11.894263,1.423043,-11.751978,-0.000000,-0.000000,-0.000000
291,2.611550,-2.328540,-0.096247,-12.252390,-2.333821,-18.658904,-0.000000,0.000000,0.000000
292,3.630370,-1.498810,-0.453794,-11.951871,-3.099297,-19.510416,-0.000000,-0.000000,-0.000000
293,4.711580,7.277660,0.619871,-7.310546,-5.095123,-23.099726,-0.000000,0.000000,-0.000000
294,-3.766560,-11.467600,-2.427850,-2.638204,1.741125,-2.239565,0.000000,-0.000000,0.000000
295,-4.324330,-10.994100,-2.343300,-3.666596,0.939103,-3.000777,0.000000,0.000000,0.000000
296,3.326380,8.703050,-4.335700,-6.970600,-5.312452,-23.637971,0.000000,-0.000000,0.000000
297,4.460820,-2.822790,-4.303150,-13.871359,-5.789055,-19.024762,-0.000000,0.000000,-0.000000
298,-3.607600,0.380215,-2.851930,-12.138963,-0.702550,-18.773991,-0.000000,0.000000,0.000000
299,-4.365310,-1.012600,-1.625470,-12.391475,0.216882,-17.505876,0.000000,0.000000,-0.000000
300,-4.426020,-2.983230,0.179390,-12.713728,2.194256,-15.526584,-0.000000,-0.000000,-0.000000
301,-2.896520,-2.771030,0.023173,-12.639149,1.400647,-16.226357,0.000000,0.000000,-0.000000
302,-2.698750,-0.402013,-4.400800,-12.794534,-1.961393,-18.361381,-0.000000,-0.000000,-0.000000
303,4.303860,-11.181300,-3.789810,-18.205678,-5.419419,-13.959242,0.000000,-0.000000,0.000000
304,3.703700,-8.284900,-0.730564,-15.628986,-3.276415,-15.482092,0.000000,0.000000,0.000000
305,4.947040,-9.187020,-0.543269,-16.052790,-3.834689,-15.358511,-0.000000,-0.000000,0.000000
306,6.817910,-8.260480,-1.142640,-15.754879,-5.197158,-16.529656,-0.000000,-0.000000,-0.000000
307,-1.952780,7.952720,-6.325940,-7.840509,-2.810849,-22.698249,0.000000,-0.000000,0.000000
308,0.314304,-2.697320,-5.686060,-14.170165,-4.216572,-17.809337,0.000000,-0.000000,-0.000000
309,0.334437,-3.320080,-4.683190,-14.184796,-3.661462,-17.442742,-0.000000,-0.000000,0.000000
310,0.733842,-4.485830,-6.370350,-15.203495,-4.804795,-16.888038,-0.000000,0.000000,0.000000
311,-1.353540,-1.803320,0.120951,-12.309810,0.433824,-17.600865,0.000000,-0.000000,0.000000
312,-0.685164,-2.832400,-0.552457,-12.680052,-0.295009,-17.088440,0.000000,0.000000,-0.000000
313,0.722844,-1.765630,-5.048230,-13.541682,-4.082278,-18.492197,-0.000000,-0.000000,-0.000000
314,1.529820,0.224573,-5.302620,-12.639017,-4.659905,-19.929370,0.000000,-0.000000,-0.000000
315,3.702260,-8.174110,-3.312860,-16.429182,-4.810997,-15.547606,-0.000000,0.000000,-0.000000
316,3.153280,-8.842360,-1.679730,-16.245670,-3.545465,-14.967718,-0.000000,-0.000000,-0.000000
317,3.705390,-6.488930,-1.656470,-14.972613,-3.829366,-16.548707,-0.000000,-0.000000,0.000000
318,3.726610,-11.075700,-2.857900,-17.839064,-4.554776,-13.830036,-0.000000,-0.000000,-0.000000
319,-1.345080,11.335400,-0.990899,-4.834935,-0.914543,-24.213617,0.000000,-0.000000,-0.000000
320,7.754310,-13.221500,-0.965371,-18.364281,-5.595983,-13.892541,0.000000,0.000000,-0.000000
321,-3.866240,-1.622430,-0.439633,-12.406951,1.273028,-16.900817,-0.000000,0.000000,0.000000
322,-5.334410,-2.082900,-0.817702,-12.681086,1.144461,-16.485474,0.000000,-0.000000,0.000000
323,-2.397580,-8.896880,-2.679960,-7.429178,2.510837,-7.013834,-0.000000,-0.000000,0.000000
324,-3.001310,-11.240000,-3.096000,-3.163708,1.750749,-2.927116,-0.000000,0.000000,0.000000
325,6.182490,4.094570,-0.855015,-9.728458,-6.570891,-22.857036,-0.000000,0.000000,0.000000
326,7.987300,-12.637100,-0.778650,-17.987813,-5.610318,-14.317519,-0.000000,-0.000000,-0.000000
327,9.029340,-13.058200,-0.799556,-18.221294,-6.183410,-14.413391,0.000000,0.000000,-0.000000
328,2.783670,3.076780,-5.313180,-10.909854,-5.242100,-21.612611,-0.000000,0.000000,-0.000000
329,2.829120,2.669200,-4.280010,-10.993438,-4.870198,-21.584284,-0.000000,-0.000000,-0.000000
330,-4.788690,-13.321400,-0.827313,0.000000,0.000000,0.000000,-3.720955,-12.644443,13.047143
331,-5.053150,-12.410400,-0.851569,-1.067244,0.103276,-0.743867,-0.000000,-0.000000,-0.000000
332,-4.469000,-12.877600,-0.099210,-0.840362,1.140376,-0.654932,-0.000000,0.000000,-0.000000
333,-6.783800,-13.038700,-1.262440,0.000000,0.000000,0.000000,2.497390,7.122289,9.245334
334,5.434700,-1.611470,-2.790120,-12.769065,-5.437903,-20.062802,0.000000,0.000000,-0.000000
335,5.819190,-2.417130,-0.821178,-12.531838,-4.478736,-19.695210,0.000000,0.000000,0.000000
336,-4.011910,-3.290820,-4.458700,-13.632066,-2.303287,-15.489697,-0.000000,0.000000,-0.000000
337,6.700180,-4.708390,-1.353800,-13.919106,-5.259826,-18.605478,0.000000,0.000000,0.000000
338,6.479790,-4.353900,-0.179093,-13.335038,-4.439831,-18.746354,-0.000000,-0.000000,-0.000000
339,-3.009170,8.671580,0.962709,-6.415526,1.039866,-22.931608,0.000000,0.000000,-0.000000
340,-2.695250,9.872590,0.152806,-5.703338,0.469685,-23.462983,0.000000,0.000000,0.000000
341,-4.408260,8.639330,-2.390150,-6.878232,0.496952,-22.723276,0.000000,0.000000,-0.000000
342,-6.479970,-13.170500,0.094092,0.000000,0.000000,0.000000,1.715515,-2.852076,-7.220533
343,6.471220,-3.324770,-1.983970,-13.389249,-5.510857,-19.363707,0.000000,-0.000000,-0.000000
344,0.417959,-3.065680,-1.224650,-13.010437,-1.738773,-17.507190,-0.000000,0.000000,0.000000
345,-0.502344,-3.245140,-1.866940,-13.131380,-1.447115,-16.908618,0.000000,0.000000,0.000000
346,1.378280,11.167400,-0.877718,-4.884963,-2.736018,-24.422470,0.000000,0.000000,0.000000
347,0.349163,11.358500,-2.815320,-5.071500,-2.790009,-24.417391,-0.000000,-0.000000,0.000000
348,-5.344270,-11.654800,-2.594410,-1.786876,-0.524885,-1.466338,-0.000000,-0.000000,0.000000
349,-4.694320,-8.123990,-0.503239,-9.933398,1.958889,-8.321575,0.000000,0.000000,-0.000000
350,-5.600200,-4.482720,-3.319040,-13.025806,-1.959368,-13.656663,-0.000000,-0.000000,-0.000000
351,-4.863540,3.691600,-1.770020,-9.965195,0.950608,-20.482726,0.000000,0.000000,0.000000
352,-6.216180,4.157100,-1.872500,-9.691150,1.781120,-20.528863,-0.000000,0.000000,-0.000000
353,6.210690,-8.462950,-3.705400,-16.715408,-6.395201,-16.209292,0.000000,0.000000,-0.000000
354,6.751490,-8.584520,-2.910800,-16.516754,-6.213709,-16.316155,0.000000,-0.000000,-0.000000
355,3.058390,1.721640,-3.326630,-11.362347,-4.518292,-21.248680,-0.000000,0.000000,0.000000
356,4.686630,3.903700,-1.584530,-9.720359,-4.858846,-22.527134,0.000000,0.000000,0.000000
357,3.868100,-12.885000,-4.411480,-19.328875,-5.554745,-12.800910,0.000000,0.000000,0.000000
358,3.724670,-12.939200,-3.186660,-18.950781,-4.749143,-12.720992,0.000000,-0.000000,-0.000000
359,7.834950,-12.351100,-2.139800,-18.286308,-6.337823,-14.436985,0.000000,0.000000,0.000000
360,6.116100,-10.459200,-1.345580,-17.004520,-4.940739,-14.990747,0.000000,0.000000,0.000000
361,7.133950,-12.012600,-0.654022,-17.610427,-5.077057,-14.405295,0.000000,-0.000000,0.000000
362,-0.265641,4.903170,-6.716640,-9.951024,-4.059523,-21.649965,0.000000,-0.000000,0.000000
363,1.394810,3.868830,-6.304620,-10.613836,-4.894061,-21.459809,0.000000,0.000000,0.000000
364,1.630670,10.533900,-3.282610,-5.656169,-3.833673,-24.184191,0.000000,-0.000000,-0.000000
365,0.223306,10.694200,2.233380,-4.795402,-0.674929,-24.127865,0.000000,0.000000,-0.000000
366,-3.185640,11.448600,4.447920,-4.022536,2.669208,-24.062439,0.000000,-0.000000,0.000000
367,-2.382720,9.356020,4.039020,-5.545376,1.932129,-23.270410,0.000000,-0.000000,-0.000000
368,6.403810,-13.289800,-1.647370,-18.627717,-5.274812,-13.403069,0.000000,0.000000,0.000000
369,-3.436340,-13.173100,-3.319550,-0.263856,1.135128,-0.288945,-0.000000,-0.000000,-0.000000
370,-3.496340,6.225620,1.603830,-7.991240,1.665890,-21.820890,0.000000,-0.000000,-0.000000
371,3.472690,6.116020,1.960280,-8.350290,-3.489879,-22.627846,-0.000000,-0.000000,-0.000000
372,-2.939580,10.551400,3.703810,-4.745950,2.179165,-23.710763,-0.000000,0.000000,-0.000000
373,0.981432,6.126920,4.288130,-7.795862,-0.347104,-22.298507,0.000000,-0.000000,-0.000000
374,2.465770,11.826200,4.756700,-3.675418,-1.255165,-24.884295,-0.000000,-0.000000,0.000000
375,2.601060,9.929500,-1.045820,-5.741876,-3.666199,-24.011831,-0.000000,-0.000000,-0.000000
376,6.889400,4.290050,0.901728,-9.786565,-7.814259,-22.930774,0.000000,-0.000000,-0.000000
377,3.906460,4.974200,-4.492920,-9.433984,-5.599779,-22.475232,0.000000,0.000000,-0.000000
378,-2.377620,4.827790,2.008670,-8.901424,1.116514,-21.333012,0.000000,0.000000,0.000000
379,0.899046,6.402930,5.263870,-7.494182,0.116187,-22.407912,-0.000000,0.000000,0.000000
380,2.715640,0.491815,-0.735263,-11.474055,-3.022530,-20.362777,0.000000,0.000000,0.000000
381,-10.332400,8.449490,3.344380,-6.373514,6.789787,-21.972373,-0.000000,-0.000000,-0.000000
382,0.592609,6.225730,6.399190,-7.489964,0.804738,-22.297393,0.000000,0.000000,0.000000
383,-3.396540,11.336900,4.019180,-4.154632,2.635006,-23.988492,-0.000000,0.000000,-0.000000
384,1.149960,6.677340,4.564610,-7.380498,-0.356384,-22.555849,-0.000000,0.000000,0.000000
385,-6.145500,-12.425100,-1.853050,-1.175959,-0.417633,-0.829931,-0.000000,0.000000,-0.000000
386,1.529200,5.304020,2.155660,-8.657916,-1.648198,-22.054464,-0.000000,-0.000000,-0.000000
387,8.028200,6.733480,5.557880,-14.900689,-17.259585,-19.843118,0.000000,0.000000,0.000000
388,7.687180,6.847250,4.898120,-13.469609,-15.200878,-19.788822,0.000000,-0.000000,0.000000
389,7.274120,6.645300,4.410800,-12.481696,-13.629371,-20.812275,-0.000000,-0.000000,-0.000000
390,3.096920,9.322120,-0.111069,-6.017551,-3.658115,-23.815586,-0.000000,-0.000000,0.000000
391,3.387310,9.092010,0.526045,-6.111734,-3.698991,-23.737679,0.000000,-0.000000,0.000000
392,4.949900,-4.123940,-3.667720,-14.364232,-5.689824,-18.387788,-0.000000,-0.000000,-0.000000
393,-5.723210,-3.819770,-2.863020,-13.007072,-1.325351,-14.429115,0.000000,0.000000,-0.000000
394,6.018380,-8.883330,-0.664641,-15.930482,-4.482665,-15.894299,-0.000000,0.000000,0.000000
395,-1.289290,5.809950,4.540060,-8.000319,1.381583,-21.905145,-0.000000,0.000000,0.000000
396,2.509330,-4.352090,-3.580180,-14.427726,-4.276296,-17.440924,0.000000,-0.000000,-0.000000
397,-2.024700,5.571180,2.136970,-8.403877,0.939065,-21.703368,0.000000,0.000000,0.000000
398,1.443750,6.321310,2.828840,-7.824342,-1.296950,-22.441219,0.000000,-0.000000,0.000000
399,1.896340,5.852930,2.357930,-8.255084,-1.842448,-22.282574,-0.000000,0.000000,0.000000
400,-1.370820,5.836210,3.051590,-8.126494,0.842110,-21.913029,0.000000,0.000000,0.000000
401,6.735890,-13.232300,-0.658037,-18.267995,-4.865220,-13.547641,0.000000,0.000000,-0.000000
402,-2.019240,5.328940,1.878940,-8.588573,0.821586,-21.603306,-0.000000,-0.000000,-0.000000
403,-3.012370,6.215860,1.749760,-7.994739,1.410584,-21.866746,0.000000,0.000000,-0.000000
404,2.282280,11.329300,3.635100,-4.160042,-1.603053,-24.650808,0.000000,0.000000,-0.000000
405,-1.372420,-3.719130,-3.228740,-13.524438,-1.898982,-16.352960,0.000000,0.000000,0.000000
406,-0.945683,-3.629430,-2.612860,-13.385314,-1.617502,-16.513347,-0.000000,0.000000,-0.000000
407,-3.752110,6.335010,1.785060,-7.896218,1.909353,-21.831419,-0.000000,-0.000000,0.000000
408,-1.207420,6.004410,3.623690,-7.963750,0.957786,-21.989463,-0.000000,-0.000000,0.000000
409,-5.489030,-10.942100,-3.130910,-4.012239,-1.919453,-3.591700,-0.000000,0.000000,-0.000000
410,-0.551860,4.186970,-6.371950,-10.375018,-3.777544,-21.317455,0.000000,-0.000000,0.000000
411,6.718050,-9.822480,-2.006960,-16.882055,-5.657545,-15.568541,-0.000000,-0.000000,-0.000000
412,6.478480,-9.323880,-1.240790,-16.359187,-5.072797,-15.785398,0.000000,0.000000,-0.000000
413,-10.844700,8.703430,6.022710,-5.893068,8.316900,-22.025489,-0.000000,0.000000,0.000000
414,-5.129810,-10.565400,-4.238680,-4.607043,-3.069511,-4.595826,-0.000000,0.000000,-0.000000
415,-3.331950,11.589800,3.825800,-4.001003,2.507115,-24.104415,0.000000,-0.000000,-0.000000
416,-5.805640,-12.270500,-1.502220,-1.119449,0.086390,-0.794042,0.000000,-0.000000,0.000000
417,1.277090,7.014540,4.563310,-7.132719,-0.455306,-22.715373,0.000000,-0.000000,-0.000000
418,2.476390,3.836090,2.153500,-9.594412,-2.388521,-21.492890,-0.000000,0.000000,0.000000
419,3.883030,-9.412930,-1.188850,-16.389145,-3.645885,-14.870878,-0.000000,-0.000000,-0.000000
420,4.201050,-9.396570,-0.907960,-16.287044,-3.649815,-14.986009,0.000000,0.000000,-0.000000
421,-3.958360,-7.109750,-0.765864,-11.162728,2.143844,-9.941737,-0.000000,-0.000000,0.000000
422,0.540905,6.011240,6.261950,-7.658811,0.786087,-22.203419,-0.000000,-0.000000,-0.000000
423,-3.282540,-4.538910,-3.873300,-13.483963,-1.814765,-14.613212,-0.000000,-0.000000,-0.000000
424,-3.880750,-4.735350,-3.885520,-13.383156,-1.957646,-13.884365,0.000000,-0.000000,0.000000
425,-4.534600,-4.627210,-3.847740,-13.314943,-2.214191,-13.757658,-0.000000,-0.000000,0.000000
426,-6.154240,3.864290,-1.169100,-9.789670,2.080695,-20.409991,0.000000,-0.000000,0.000000
427,-4.499680,-9.633830,-1.471220,-7.075370,1.273431,-5.933301,0.000000,-0.000000,0.000000
428,-2.844100,6.013720,1.853900,-8.124881,1.347903,-21.794562,0.000000,0.000000,-0.000000
429,-0.333553,10.149300,3.965280,-4.984718,0.442025,-23.846772,-0.000000,0.000000,-0.000000
430,0.019751,6.790870,7.090730,-7.006201,1.502600,-22.466012,-0.000000,-0.000000,0.000000
431,9.066850,7.302410,7.475640,-19.544278,-23.116407,-17.056628,-0.000000,-0.000000,0.000000
432,-3.688130,-0.675929,-3.328570,-12.772757,-1.022024,-17.972625,-0.000000,-0.000000,-0.000000
433,-10.426700,8.866260,3.517460,-6.089509,6.926991,-22.148544,0.000000,0.000000,0.000000
434,-4.453360,3.216930,-1.777740,-10.263471,0.660794,-20.330517,-0.000000,-0.000000,-0.000000
435,-2.786440,5.694620,1.855760,-8.336833,1.312012,-21.662589,-0.000000,-0.000000,-0.000000
436,-1.753900,-3.437460,-4.017610,-13.727251,-2.241959,-16.470802,0.000000,0.000000,-0.000000
437,-4.253980,-6.380780,-0.454069,-11.695428,2.349386,-11.116841,0.000000,-0.000000,-0.000000
438,-0.201493,-3.011280,-0.832746,-12.819615,-0.902484,-17.157872,-0.000000,0.000000,0.000000
439,9.784780,6.147530,7.143430,-18.163992,-21.973574,-18.119451,0.000000,0.000000,-0.000000
440,9.392290,6.109330,7.322000,-18.816119,-22.448618,-19.099720,-0.000000,-0.000000,0.000000
441,-2.814760,-12.162200,-3.952420,-1.635251,0.917997,-1.745701,0.000000,-0.000000,-0.000000
442,5.468680,-2.827700,-3.398060,-13.595090,-5.807440,-19.342658,-0.000000,-0.000000,0.000000
443,8.728820,8.396940,7.851040,-22.853071,-25.231056,-15.664824,0.000000,0.000000,0.000000
444,-1.632460,-3.952560,-4.022320,-13.935822,-2.325433,-16.133265,0.000000,0.000000,0.000000
445,-7.820140,4.751390,2.702980,-8.779014,4.912957,-20.616060,0.000000,-0.000000,-0.000000
446,9.118660,6.404550,7.341150,-18.794981,-22.592229,-19.001760,-0.000000,0.000000,-0.000000
447,-0.492784,-4.125800,-5.277790,-14.718905,-3.574868,-16.738285,0.000000,0.000000,-0.000000
448,-4.391210,-13.330000,-2.673280,0.409006,0.869156,0.530020,-0.000000,-0.000000,0.000000
449,-5.000200,-13.361100,-3.285190,0.273076,-0.045155,0.323810,0.000000,0.000000,-0.000000
450,-4.380860,-8.838070,-4.732600,-7.679968,-3.027591,-7.315774,0.000000,-0.000000,0.000000
451,2.570630,-5.305970,-2.003400,-14.432146,-3.401962,-16.862260,-0.000000,-0.000000,-0.000000
452,-6.707450,6.128220,-1.769410,-8.449726,2.172352,-21.354663,-0.000000,0.000000,-0.000000
453,0.981418,6.650930,6.162560,-7.214879,0.427485,-22.519630,-0.000000,-0.000000,-0.000000
454,10.308400,7.341000,6.238310,-16.117966,-19.528886,-14.406634,0.000000,-0.000000,-0.000000
455,4.688580,-4.958200,-3.571920,-14.777465,-5.492343,-17.802377,0.000000,0.000000,0.000000
456,8.360590,5.592080,5.230720,-14.204706,-16.361267,-21.977875,-0.000000,0.000000,-0.000000
457,-1.184670,7.973070,5.685490,-6.324968,1.782749,-22.819652,0.000000,-0.000000,0.000000
458,-0.239229,7.819040,6.104970,-6.386655,1.279088,-22.864897,-0.000000,0.000000,-0.000000
459,-0.288581,-4.108260,-7.817280,-15.431649,-5.148086,-16.819577,-0.000000,-0.000000,-0.000000
460,-10.461000,7.640320,5.764690,-6.594176,7.958767,-21.593302,0.000000,-0.000000,0.000000
461,-10.764300,7.302250,5.122600,-6.884110,7.861419,-21.404988,-0.000000,-0.000000,-0.000000
462,9.629000,9.150260,6.280240,-18.146716,-20.244728,-11.492022,-0.000000,0.000000,-0.000000
463,9.094080,4.995850,3.561230,-11.420285,-12.755247,-21.578686,-0.000000,-0.000000,0.000000
464,-9.999380,10.362400,4.799290,-4.992527,7.233560,-22.872140,0.000000,-0.000000,-0.000000
465,2.352100,11.137100,4.567460,-4.194900,-1.254328,-24.576720,0.000000,0.000000,-0.000000
466,-0.394253,-4.506910,-7.729110,-15.597378,-5.045418,-16.557718,0.000000,0.000000,0.000000
467,0.558307,-4.989590,-7.653790,-15.808922,-5.458386,-16.550482,0.000000,-0.000000,-0.000000
468,0.118833,-5.112260,-7.471390,-15.815322,-5.140871,-16.353469,-0.000000,0.000000,0.000000
469,2.311630,0.483177,-4.835680,-12.384792,-4.870324,-20.319030,0.000000,-0.000000,0.000000
470,0.435828,5.353580,4.456390,-8.327760,0.116075,-21.914742,-0.000000,0.000000,0.000000
471,-0.995494,-3.376140,-5.298650,-14.357376,-3.297308,-17.048008,-0.000000,-0.000000,0.000000
472,1.557770,7.185320,4.677390,-6.999254,-0.613166,-22.813078,-0.000000,0.000000,-0.000000
473,-3.814750,2.328030,-2.243700,-10.835192,-0.000376,-19.953644,-0.000000,0.000000,0.000000
474,8.530180,8.464420,3.826550,-10.895808,-13.356140,-16.047764,0.000000,0.000000,0.000000
475,1.698820,10.781900,5.014180,-4.399384,-0.588959,-24.348056,-0.000000,0.000000,0.000000
476,-0.217732,-4.814570,-7.531820,-15.688268,-5.014224,-16.429969,0.000000,0.000000,0.000000
477,1.452170,7.963660,4.680560,-6.450064,-0.549017,-23.130023,-0.000000,0.000000,0.000000
478,-0.889822,-2.977490,-5.386820,-14.197664,-3.402001,-17.316215,0.000000,0.000000,-0.000000
479,8.718190,5.130840,4.965040,-13.475976,-15.771611,-22.265259,-0.000000,0.000000,0.000000
480,-4.754110,-10.296400,-1.881490,-5.511300,0.637075,-4.668889,-0.000000,0.000000,-0.000000
481,-2.219970,7.263510,4.122070,-7.011976,1.869348,-22.399605,0.000000,-0.000000,0.000000
482,-0.169636,9.703550,4.580140,-5.229072,0.589650,-23.665973,-0.000000,0.000000,0.000000
483,-8.766100,9.624450,4.289510,-5.518698,6.226252,-22.687244,0.000000,0.000000,-0.000000
484,-5.586050,-5.989730,-2.089460,-12.193198,-0.832304,-11.770538,0.000000,-0.000000,0.000000
485,-1.804830,-2.335270,-4.717270,-13.714585,-2.612761,-17.471690,0.000000,0.000000,-0.000000
486,-9.216360,5.921550,4.134970,-7.871588,6.441460,-20.967817,-0.000000,-0.000000,0.000000
487,-8.326430,7.136410,3.383200,-7.195733,5.540166,-21.620489,0.000000,0.000000,0.000000
488,-8.986860,9.965630,4.073220,-5.329326,6.268242,-22.814345,-0.000000,-0.000000,0.000000
489,-2.476040,3.010370,-5.165600,-10.893352,-2.139570,-20.398359,0.000000,0.000000,0.000000
490,-2.870840,-5.500960,-3.118990,-13.110685,-1.072319,-13.379974,0.000000,-0.000000,0.000000
491,-3.093820,-5.207360,-3.433200,-13.208335,-1.489211,-13.839150,-0.000000,0.000000,0.000000
492,-3.591190,11.172800,3.878080,-4.287449,2.711490,-23.894194,0.000000,-0.000000,0.000000
493,-2.011610,10.854800,3.284110,-4.584529,1.347709,-23.956449,-0.000000,0.000000,-0.000000
494,-2.492970,11.109000,3.110640,-4.428163,1.612016,-24.004374,-0.000000,-0.000000,-0.000000
495,1.224950,11.530900,3.924270,-3.982915,-0.713131,-24.615583,-0.000000,-0.000000,0.000000
496,-2.527510,1.331490,-0.213264,-11.168338,0.238184,-19.591015,0.000000,0.000000,-0.000000
497,-9.622310,9.873750,3.410260,-5.466524,6.371089,-22.697268,-0.000000,-0.000000,0.000000
498,-7.646310,5.108220,2.824400,-8.540996,4.860550,-20.792543,-0.000000,-0.000000,0.000000
499,6.541990,7.173690,3.550560,-10.686800,-11.056412,-20.848154,-0.000000,-0.000000,-0.000000
500,2.395000,8.480640,3.080280,-6.226866,-1.944527,-23.438177,0.000000,-0.000000,-0.000000
501,3.363820,-1.929850,-4.196020,-13.370724,-5.109377,-19.199141,0.000000,-0.000000,0.000000
502,6.402080,-10.117000,-3.395310,-17.501784,-6.313683,-15.289168,0.000000,-0.000000,0.000000
503,5.704620,-10.796900,-3.947860,-18.051276,-6.267063,-14.653515,-0.000000,-0.000000,-0.000000
504,1.064140,4.644380,2.408940,-9.008965,-1.133186,-21.658769,0.000000,0.000000,0.000000
505,2.623500,-3.551830,-4.290770,-14.236608,-4.751194,-17.965728,-0.000000,-0.000000,0.000000
506,-0.462220,3.367490,2.017290,-9.769740,-0.057039,-20.931640,0.000000,0.000000,0.000000
507,2.292750,5.582050,2.148360,-8.535780,-2.255740,-22.260366,0.000000,0.000000,0.000000
508,3.264140,3.844150,1.804040,-9.658731,-3.213383,-21.736498,0.000000,-0.000000,-0.000000
509,-4.117780,-12.172600,-1.263530,-1.506991,1.974253,-0.768897,0.000000,0.000000,0.000000
510,-3.709630,-12.914300,-1.623750,-0.578345,2.179488,-0.126549,0.000000,0.000000,0.000000
511,-3.869470,-13.136200,-1.987800,-0.240706,1.740662,0.165342,-0.000000,-0.000000,0.000000
512,-6.041320,-3.585000,-2.347990,-13.063670,-0.757625,-14.704959,-0.000000,-0.000000,0.000000
513,4.602820,-12.717100,-1.798830,-18.369868,-4.395894,-13.144960,-0.000000,-0.000000,-0.000000
514,-0.043709,-0.353185,-5.333730,-12.920885,-3.776289,-19.069380,-0.000000,0.000000,-0.000000
515,-1.832700,9.661140,1.369800,-5.668519,0.407322,-23.469952,-0.000000,-0.000000,0.000000
516,3.889620,7.438870,1.410850,-7.180705,-3.895371,-23.215071,-0.000000,0.000000,-0.000000
517,4.867760,-12.122400,-1.274620,-17.875736,-4.226601,-13.586750,0.000000,0.000000,-0.000000
518,-2.889650,2.257800,0.870228,-10.613448,1.035446,-20.070637,0.000000,0.000000,0.000000
519,-5.051600,-10.198300,-2.277180,-5.672611,-0.392490,-5.045909,-0.000000,-0.000000,-0.000000
520,-5.561570,-10.528700,-2.402730,-5.131091,-1.066626,-4.401682,0.000000,0.000000,-0.000000
521,1.890120,9.656350,1.289660,-5.654717,-2.282582,-23.881053,-0.000000,-0.000000,-0.000000
522,-1.437350,10.668700,0.598168,-5.081195,-0.198240,-23.942898,0.000000,0.000000,0.000000
523,5.675030,7.588280,1.059500,-7.476658,-6.423508,-22.216435,-0.000000,0.000000,-0.000000
524,6.256920,7.503420,0.559148,-7.415622,-6.835750,-21.979968,0.000000,-0.000000,-0.000000
525,-7.738480,7.639640,1.465840,-7.107356,4.309713,-21.916178,0.000000,0.000000,-0.000000
526,-5.198710,-12.032600,-1.722990,-1.373854,0.286739,-0.874768,-0.000000,-0.000000,0.000000
527,6.672480,-10.177800,-2.998010,-17.402556,-6.222681,-15.342511,-0.000000,0.000000,0.000000
528,-5.736840,3.889510,1.342350,-9.510637,2.992921,-20.459171,-0.000000,0.000000,-0.000000
529,3.959670,8.254020,0.363366,-6.679976,-4.202411,-23.390814,0.000000,0.000000,0.000000
530,3.703910,-10.296100,-1.908990,-17.103740,-3.977749,-14.286254,0.000000,-0.000000,-0.000000
531,3.439940,-9.959030,-2.268820,-17.042237,-4.049977,-14.399056,0.000000,0.000000,0.000000
532,2.801160,-4.386850,-0.411911,-13.441410,-2.588591,-17.480347,0.000000,-0.000000,0.000000
533,-6.002420,3.838580,0.646760,-9.590165,2.821763,-20.429322,0.000000,0.000000,0.000000
534,4.920680,-9.580100,-3.915700,-17.386081,-5.826118,-15.116948,-0.000000,0.000000,-0.000000
535,-4.690130,-6.344830,0.100383,-11.654037,2.754030,-11.116696,0.000000,-0.000000,-0.000000
536,7.785240,-13.204300,-1.913910,-18.670266,-6.176718,-13.913054,-0.000000,-0.000000,0.000000
537,2.645830,0.846756,-4.336630,-12.061434,-4.812284,-20.634601,-0.000000,-0.000000,-0.000000
538,4.041100,-2.976280,0.143987,-12.498884,-2.951901,-18.752535,0.000000,-0.000000,-0.000000
539,-5.501680,-3.720300,-0.278644,-12.639110,1.591826,-14.731835,0.000000,0.000000,-0.000000
540,5.334910,-3.364670,-3.649730,-13.954324,-5.887426,-18.971642,0.000000,0.000000,0.000000
541,6.717620,6.994230,-0.066460,-7.378063,-6.975220,-21.737248,0.000000,-0.000000,-0.000000
542,-5.656010,-10.548400,-3.614970,-4.855243,-3.059888,-4.598192,0.000000,-0.000000,0.000000
543,0.084862,11.411700,-0.885895,-4.742403,-1.839744,-24.406301,-0.000000,-0.000000,-0.000000
544,-2.600130,10.865200,3.102630,-4.600567,1.684203,-23.887032,0.000000,0.000000,0.000000
545,-3.962630,8.624810,-0.496577,-6.637884,1.001977,-22.793357,-0.000000,-0.000000,-0.000000
546,-1.104720,5.003440,2.025520,-8.796998,0.294090,-21.602147,0.000000,-0.000000,-0.000000
547,4.906060,7.118200,-1.377150,-7.488831,-5.116290,-23.044701,-0.000000,-0.000000,-0.000000
548,3.070990,1.830740,-1.817890,-11.021092,-3.826336,-21.248319,-0.000000,0.000000,0.000000
549,-4.112510,-13.247200,-2.073430,0.015328,1.300788,0.407185,-0.000000,0.000000,-0.000000
550,2.647350,-4.913850,-1.356340,-14.007538,-3.061852,-17.120182,0.000000,0.000000,0.000000
551,-10.270600,7.373570,5.480550,-6.796227,7.711002,-21.495940,-0.000000,0.000000,-0.000000
552,-0.929534,8.601040,5.012390,-5.959630,1.319761,-23.115753,-0.000000,0.000000,-0.000000
553,-1.788950,7.728450,5.277170,-6.547598,2.042757,-22.646532,-0.000000,0.000000,-0.000000
554,-3.462560,2.130540,-2.480070,-11.017599,-0.390308,-19.898653,-0.000000,-0.000000,-0.000000
555,0.082520,-5.153960,-8.234530,-16.053534,-5.566951,-16.320002,-0.000000,0.000000,-0.000000
556,-1.873550,7.633840,4.750430,-6.677091,1.883534,-22.597461,-0.000000,0.000000,0.000000
557,-0.652254,8.993520,4.950080,-5.690097,1.093930,-23.312959,-0.000000,-0.000000,-0.000000
558,-8.846070,7.508690,4.062640,-6.879830,6.175153,-21.726329,0.000000,-0.000000,-0.000000
559,-2.740440,3.402190,-5.388680,-10.682519,-2.095146,-20.591733,-0.000000,0.000000,0.000000
560,-2.335200,2.652020,-4.709980,-11.051113,-2.046217,-20.250122,0.000000,0.000000,0.000000
561,-2.544940,-5.458980,-2.573880,-13.102341,-0.411781,-13.313877,-0.000000,0.000000,0.000000
562,0.960030,11.200400,4.300860,-4.181799,-0.358178,-24.442312,-0.000000,0.000000,-0.000000
563,2.916950,-3.163340,-4.419150,-14.076160,-4.989828,-18.296884,0.000000,-0.000000,-0.000000
564,3.230050,-2.466810,-4.447690,-13.737335,-5.176003,-18.825744,0.000000,0.000000,0.000000
565,5.257270,-9.822120,-3.747610,-17.460328,-5.907544,-15.084922,0.000000,-0.000000,-0.000000
566,5.957650,-9.629940,-3.826630,-17.383214,-6.331199,-15.431567,-0.000000,0.000000,-0.000000
567,0.120864,3.475870,1.900680,-9.698996,-0.498706,-21.057935,-0.000000,-0.000000,-0.000000
568,-3.329940,-12.932700,-2.386020,-0.585379,2.336138,-0.553667,0.000000,-0.000000,0.000000
569,-4.409860,-11.939000,-1.639710,-1.729637,1.443141,-0.938518,-0.000000,-0.000000,-0.000000
570,3.883660,7.993340,0.736588,-6.798800,-4.066497,-23.326676,0.000000,-0.000000,-0.000000
571,5.599020,7.327590,1.432730,-7.795782,-6.502627,-22.299001,0.000000,-0.000000,0.000000
572,-4.688740,-11.702200,-1.597430,-2.022844,1.105554,-1.135548,-0.000000,0.000000,0.000000
573,4.068790,-10.581400,-1.663550,-17.175601,-4.028041,-14.237763,-0.000000,-0.000000,0.000000
574,4.550510,-2.561410,-0.034786,-12.340147,-3.332773,-19.169905,-0.000000,0.000000,0.000000
575,-0.129425,-4.493150,-8.574540,-15.833633,-5.663436,-16.642141,-0.000000,0.000000,0.000000
576,-0.182261,-4.692480,-8.530460,-15.916839,-5.612341,-16.511237,0.000000,-0.000000,0.000000
577,-2.854230,1.561820,-4.521050,-11.721862,-1.815933,-19.520168,0.000000,-0.000000,-0.000000
578,-3.358410,-12.209300,-2.788070,-1.752267,1.854682,-1.542747,-0.000000,0.000000,-0.000000
579,-3.409860,-13.043600,-2.568050,-0.407708,2.037155,-0.399701,-0.000000,0.000000,-0.000000
580,2.472930,9.182680,1.071480,-6.004103,-2.781372,-23.728531,0.000000,-0.000000,-0.000000
581,-1.874920,6.289770,0.439383,-8.075981,0.055225,-22.061478,0.000000,-0.000000,0.000000
582,1.946400,6.840670,-0.748468,-7.806878,-3.003282,-22.775048,0.000000,0.000000,0.000000
583,-1.912450,3.964200,-1.239370,-9.776578,-0.619902,-21.114217,0.000000,-0.000000,0.000000
584,-0.172938,7.365390,3.722720,-6.983698,0.248793,-22.696171,0.000000,-0.000000,0.000000
585,-1.606720,4.829640,-3.612930,-9.567523,-1.893742,-21.477367,0.000000,0.000000,-0.000000
586,0.124655,7.794840,1.191650,-6.978711,-0.966855,-22.932196,0.000000,0.000000,0.000000
587,5.081060,-8.637440,-2.269480,-16.331840,-4.934329,-15.730930,0.000000,0.000000,0.000000
588,2.342650,-2.526930,-2.818720,-13.224587,-3.761484,-18.487712,-0.000000,0.000000,0.000000
589,-4.122700,-4.902770,-2.045040,-12.792115,0.148841,-13.523905,-0.000000,0.000000,-0.000000
590,-0.017656,0.612024,-2.321970,-11.727399,-2.269428,-19.812678,-0.000000,-0.000000,-0.000000
591,2.787050,5.535290,0.309944,-8.587003,-3.208525,-22.383200,0.000000,0.000000,0.000000
592,-2.930560,3.723400,-2.555160,-10.085283,-0.662426,-20.812058,-0.000000,-0.000000,-0.000000
593,-0.445100,-1.286870,-1.739110,-12.419407,-1.598185,-18.453190,-0.000000,-0.000000,0.000000
594,-2.570570,-2.820950,-2.212670,-13.140959,-0.524600,-16.573203,0.000000,-0.000000,0.000000
595,-3.337270,7.201440,2.201410,-7.262205,1.802905,-22.253711,-0.000000,0.000000,0.000000
596,3.513340,6.901870,-0.386600,-7.691139,-3.971384,-22.980925,-0.000000,-0.000000,0.000000
597,-0.503113,3.076980,-0.023627,-10.224992,-0.957149,-20.896369,0.000000,-0.000000,0.000000
598,4.089890,-3.364510,-1.914450,-13.386509,-4.190702,-18.544434,-0.000000,-0.000000,0.000000
599,-3.213630,-10.311000,-2.219460,-5.013152,2.365705,-4.548409,-0.000000,0.000000,0.000000
600,0.191129,7.232240,4.783290,-6.961177,0.421907,-22.676775,-0.000000,0.000000,0.000000
601,-2.773360,2.830080,-1.574570,-10.470349,-0.263058,-20.389488,-0.000000,-0.000000,-0.000000
602,-2.676080,3.863610,-4.042170,-10.220210,-1.480343,-20.861124,0.000000,-0.000000,0.000000
603,5.452950,-10.092600,-2.450290,-17.174535,-5.241377,-14.988746,0.000000,-0.000000,0.000000
604,0.374796,6.044000,-4.768460,-8.898586,-3.583420,-22.253038,0.000000,-0.000000,-0.000000
605,-4.390610,-3.028080,-1.991550,-12.974096,0.096393,-15.709119,-0.000000,-0.000000,0.000000
606,-0.785632,8.583080,3.655310,-6.132199,0.657664,-23.129637,-0.000000,0.000000,0.000000
607,0.324641,5.900350,0.728364,-8.318102,-1.251131,-22.204008,-0.000000,-0.000000,0.000000
608,1.424520,-0.150796,-3.285860,-12.284518,-3.549794,-19.694788,-0.000000,0.000000,0.000000
609,1.794730,6.239400,1.011480,-8.077228,-2.268493,-22.481057,0.000000,0.000000,-0.000000
610,8.794160,6.716490,3.553450,-10.848195,-12.451964,-18.914636,0.000000,-0.000000,0.000000
611,5.613100,6.504810,0.575500,-7.909156,-6.054713,-22.844502,0.000000,-0.000000,0.000000
612,3.411350,-3.484360,-3.273120,-13.864629,-4.606522,-18.271986,-0.000000,0.000000,-0.000000
613,-3.507230,4.439010,-1.155510,-9.458605,0.427745,-21.095798,0.000000,0.000000,-0.000000
614,1.065180,8.755010,-0.358795,-6.501153,-2.288368,-23.436228,0.000000,0.000000,0.000000
615,2.889040,7.791530,0.107668,-7.058788,-3.415230,-23.170563,-0.000000,-0.000000,-0.000000
616,-1.687410,4.040240,-4.903810,-10.247459,-2.432562,-21.096087,0.000000,-0.000000,0.000000
617,-1.375120,-1.156380,-3.379430,-12.894649,-2.068239,-18.289077,0.000000,-0.000000,0.000000
618,1.055650,7.939470,-3.014130,-7.346606,-3.301184,-23.105723,0.000000,0.000000,-0.000000
619,-0.606245,-4.321350,-6.927750,-15.280849,-4.482368,-16.601724,0.000000,-0.000000,-0.000000
620,-0.447737,-3.723360,-7.060010,-15.036074,-4.636234,-16.996921,-0.000000,0.000000,-0.000000
621,-0.538140,4.212950,0.856922,-9.423476,-0.592527,-21.362444,-0.000000,0.000000,0.000000
622,-3.698730,6.336210,-0.384738,-8.145913,0.883229,-21.836512,-0.000000,0.000000,0.000000
623,0.189877,6.868510,2.440600,-7.482018,-0.513435,-22.538874,-0.000000,0.000000,-0.000000
624,1.075230,2.024330,-1.245110,-10.933004,-2.417151,-20.821708,-0.000000,0.000000,0.000000
625,2.098040,3.701730,0.234878,-9.830040,-2.664566,-21.640080,0.000000,-0.000000,0.000000
626,4.838520,-9.406660,-2.906190,-16.957145,-5.182142,-15.193043,0.000000,-0.000000,0.000000
627,-0.013224,9.237330,1.750220,-5.900974,-0.668048,-23.506421,-0.000000,-0.000000,0.000000
628,-3.936830,-3.601670,-3.137440,-13.414287,-0.922891,-15.289505,0.000000,-0.000000,0.000000
629,-0.143041,8.249560,4.414160,-6.279636,0.507303,-23.063626,0.000000,-0.000000,-0.000000
630,-5.167890,5.156670,-1.133340,-9.000211,1.485241,-21.116403,0.000000,-0.000000,-0.000000
631,-0.910330,7.094410,4.971260,-7.034810,1.290994,-22.483408,0.000000,-0.000000,-0.000000
632,5.176000,-3.543530,-2.449460,-13.658953,-5.093888,-18.802086,-0.000000,0.000000,0.000000
633,1.815010,4.575650,-4.081290,-9.740518,-4.122396,-21.908364,0.000000,0.000000,-0.000000
634,2.807630,6.108830,1.169340,-8.196162,-3.004636,-22.597223,0.000000,-0.000000,-0.000000
635,1.515250,0.519027,-1.817510,-11.649706,-2.857070,-20.104791,0.000000,-0.000000,-0.000000
636,8.972370,7.441110,4.764040,-13.083125,-15.648456,-17.030144,-0.000000,0.000000,-0.000000
637,-1.629440,7.535210,-3.269750,-7.701014,-1.680006,-22.621791,-0.000000,-0.000000,0.000000
638,-9.649280,7.291370,2.926970,-7.152898,6.171421,-21.532409,-0.000000,-0.000000,0.000000
639,-1.939820,-2.404540,-3.355530,-13.364319,-1.773014,-17.310901,0.000000,0.000000,0.000000
640,-1.593700,8.613150,2.451210,-6.256945,0.716696,-23.050012,0.000000,0.000000,-0.000000
641,-0.648794,-2.283640,-1.454460,-12.793026,-1.107089,-17.670548,-0.000000,0.000000,0.000000
642,-2.725580,-1.147360,-2.019580,-12.595810,-0.489741,-17.989193,-0.000000,-0.000000,0.000000
643,4.050530,5.600090,0.670664,-8.585338,-4.321199,-22.570964,-0.000000,0.000000,-0.000000
644,-0.857165,2.710690,-2.900310,-10.764342,-2.075734,-20.640222,0.000000,0.000000,-0.000000
645,0.454453,9.133030,3.509350,-5.759252,-0.309577,-23.503159,0.000000,-0.000000,0.000000
646,1.312250,8.451210,0.960740,-6.536199,-1.965609,-23.319681,-0.000000,-0.000000,-0.000000
647,3.665490,7.543580,0.092612,-7.219484,-4.012533,-23.132202,-0.000000,0.000000,0.000000
648,-0.763707,6.733980,2.948360,-7.521467,0.371536,-22.358613,-0.000000,0.000000,-0.000000
649,1.075550,4.598240,0.897129,-9.190461,-1.704654,-21.816721,0.000000,-0.000000,0.000000
650,2.672300,6.321420,-2.868820,-8.344948,-4.210163,-22.646239,-0.000000,0.000000,0.000000
651,4.844330,5.643180,-0.731086,-8.479772,-4.882740,-22.732658,-0.000000,-0.000000,-0.000000
652,0.536923,4.836790,-1.643920,-9.260783,-2.348024,-21.844031,-0.000000,-0.000000,-0.000000
653,-4.342180,-8.758450,-2.981830,-8.105537,-0.717226,-7.335237,-0.000000,-0.000000,0.000000
654,-4.091430,-9.745050,-2.564840,-6.261160,0.430857,-5.683213,0.000000,0.000000,-0.000000
655,0.975673,-1.632610,-3.510090,-13.035417,-3.382235,-18.628325,0.000000,-0.000000,0.000000
656,-2.254980,7.995630,-1.103620,-7.137127,-0.356723,-22.749731,-0.000000,-0.000000,-0.000000
657,0.226886,5.604590,2.554240,-8.348100,-0.475280,-22.006405,-0.000000,-0.000000,-0.000000
658,-8.244860,5.848170,1.815030,-8.194545,4.785602,-21.049691,-0.000000,-0.000000,-0.000000
659,1.756280,-1.743930,-1.470590,-12.457545,-2.699265,-18.767861,-0.000000,0.000000,0.000000
660,2.473430,4.572980,1.101160,-9.292866,-2.798432,-21.984160,-0.000000,0.000000,-0.000000
661,1.047570,2.133490,-3.408880,-11.136283,-3.367491,-20.871519,-0.000000,-0.000000,0.000000
662,5.818190,-7.157490,-3.375300,-15.903979,-5.987235,-16.855001,-0.000000,-0.000000,-0.000000
663,6.425190,-7.460300,-2.809910,-15.878919,-5.978788,-16.877122,-0.000000,0.000000,-0.000000
664,6.154790,-7.399510,-3.207210,-15.978433,-6.068840,-16.823189,-0.000000,-0.000000,-0.000000
665,5.819080,-8.249890,-2.813510,-16.304365,-5.654675,-16.206062,-0.000000,-0.000000,0.000000
666,-0.230161,0.700220,-0.430080,-11.368265,-1.112220,-19.738707,0.000000,0.000000,-0.000000
667,-0.858567,8.977030,-0.169359,-6.337979,-0.878793,-23.321084,-0.000000,0.000000,0.000000
668,5.328470,-7.250210,-1.856280,-15.448570,-4.822248,-16.636339,0.000000,0.000000,-0.000000
669,5.673820,4.776190,2.176910,-10.099438,-7.164263,-22.412856,0.000000,-0.000000,0.000000
670,-0.394336,5.800420,1.613200,-8.296080,-0.379294,-22.047649,0.000000,-0.000000,-0.000000
671,-6.445170,5.295040,-0.041123,-8.768956,2.810829,-21.023863,-0.000000,0.000000,0.000000
672,0.458071,9.811670,-1.774200,-5.947854,-2.419531,-23.801694,-0.000000,0.000000,0.000000
673,0.247491,-2.063370,-0.943931,-12.511456,-1.531047,-18.144445,0.000000,-0.000000,0.000000
674,4.953060,-4.631120,-1.138240,-13.803493,-4.196751,-18.070798,-0.000000,-0.000000,0.000000
675,4.186260,-4.241680,-2.739270,-14.117837,-4.725264,-18.062664,0.000000,-0.000000,-0.000000
676,1.721850,9.213670,-2.559860,-6.430497,-3.581090,-23.663640,-0.000000,-0.000000,0.000000
677,-1.232670,1.553780,-4.065480,-11.689511,-2.456716,-19.927528,-0.000000,0.000000,0.000000
678,-1.989240,1.454540,-2.093950,-11.382960,-1.057733,-19.816086,0.000000,-0.000000,0.000000
679,-1.218960,7.612800,3.883150,-6.789390,1.063084,-22.666100,-0.000000,-0.000000,0.000000
680,3.633770,6.610020,0.659385,-7.861083,-3.884176,-22.888820,0.000000,0.000000,-0.000000
681,-1.094410,7.006350,1.376300,-7.499666,-0.034101,-22.473824,-0.000000,-0.000000,-0.000000
682,2.280460,3.178150,-2.667080,-10.359169,-3.766373,-21.587859,0.000000,-0.000000,0.000000
683,-3.230150,6.273740,-2.515220,-8.450710,-0.334795,-21.880304,0.000000,0.000000,0.000000
684,-4.310100,-6.081680,-2.285150,-12.244718,-0.111125,-11.686101,0.000000,0.000000,-0.000000
685,0.018401,3.941940,-4.061000,-10.207488,-3.082772,-21.327826,-0.000000,0.000000,0.000000
686,-0.269821,6.300360,4.252720,-7.682151,0.537038,-22.229718,0.000000,0.000000,0.000000
687,8.033870,5.695380,3.089020,-10.645471,-10.938495,-21.578209,0.000000,0.000000,0.000000
688,-0.085277,10.080600,0.541504,-5.472578,-1.129337,-23.857643,-0.000000,-0.000000,-0.000000
689,-1.575780,-1.754190,-2.224220,-12.800907,-1.234762,-17.879506,0.000000,0.000000,-0.000000
690,4.627390,6.719280,-0.358086,-7.857478,-4.857268,-22.907087,-0.000000,0.000000,0.000000
691,2.796160,-2.842040,-1.458810,-12.968121,-3.218977,-18.415382,0.000000,0.000000,-0.000000
692,-0.631686,7.262960,-0.273042,-7.526591,-1.059167,-22.651217,-0.000000,0.000000,-0.000000
693,1.072570,3.258280,0.979182,-9.940429,-1.573315,-21.175483,-0.000000,0.000000,-0.000000
